alt_m,n,footprint_m,sensor_gsd_m,exact_pct,loc_hit_gsd_pct,loc_hit_5m_pct,fail_20m_pct,loc_median_m,loc_mean_m,loc_p90_m,loc_max_m,yaw_hit_10deg_pct,yaw_median_deg,yaw_max_deg,alias_median,alias_below1_pct,depth_median,depth_min,gaffin_median,unsettled,max_building_m
30.0,127,59.99999999999999,1.2,100.0,100.0,100.0,0.0,0.0,0.0,0.0,0.0,100.0,0.0,0.0,0.0806,100.0,0.9501,0.916,0.0473,0,
40.0,127,79.99999999999999,1.6,100.0,100.0,100.0,0.0,0.0,0.0,0.0,0.0,100.0,0.0,0.0,0.0226,100.0,0.9861,0.9772,0.0133,0,
50.0,127,99.99999999999999,2.0,100.0,100.0,100.0,0.0,0.0,0.0,0.0,0.0,100.0,0.0,0.0,0.0235,100.0,0.9855,0.9772,0.0138,0,
60.0,127,119.99999999999999,2.4,100.0,100.0,100.0,0.0,0.0,0.0,0.0,0.0,100.0,0.0,0.0,0.0584,100.0,0.9679,0.9499,0.031,0,
80.0,127,159.99999999999997,3.2,100.0,100.0,100.0,0.0,0.0,0.0,0.0,0.0,100.0,0.0,0.0,0.0348,100.0,0.9808,0.9732,0.0182,0,
100.0,127,199.99999999999997,4.0,100.0,100.0,100.0,0.0,0.0,0.0,0.0,0.0,100.0,0.0,0.0,0.0609,100.0,0.9701,0.9562,0.0288,0,
140.0,127,279.99999999999994,5.6,100.0,100.0,100.0,0.0,0.0,0.0,0.0,0.0,100.0,0.0,0.0,0.0688,100.0,0.9685,0.952,0.0306,0,
200.0,127,399.99999999999994,8.0,100.0,100.0,100.0,0.0,0.0,0.0,0.0,0.0,100.0,0.0,0.0,0.1136,100.0,0.9523,0.938,0.0465,0,
300.0,127,599.9999999999999,12.0,100.0,100.0,100.0,0.0,0.0,0.0,0.0,0.0,100.0,0.0,0.0,0.184,100.0,0.9333,0.9236,0.0654,0,
