sensor_px,gray_levels,n_altitudes,min_alt_no_failure_m,min_alt_all_within_5m_m,best_hit_pct,worst_hit_pct
10,2,8,,,75.6,30.7
10,10,8,80.0,,98.4,56.7
10,100,8,80.0,80.0,100.0,80.3
20,2,8,80.0,,99.2,59.1
20,10,8,60.0,60.0,100.0,87.4
20,100,8,60.0,60.0,100.0,89.8
40,2,8,80.0,80.0,100.0,59.8
40,10,8,60.0,60.0,100.0,85.8
40,100,8,60.0,60.0,100.0,86.6
50,2,8,80.0,80.0,100.0,63.8
50,10,8,60.0,60.0,100.0,85.8
50,100,8,60.0,60.0,100.0,84.3
80,2,8,80.0,80.0,100.0,62.2
80,10,8,60.0,60.0,100.0,85.0
80,100,8,60.0,60.0,100.0,84.3
