alt_m,sensor_px,gray_levels,n,footprint_m,sensor_gsd_m,mask_px,exact_pct,loc_hit_5m_pct,fail_20m_pct,loc_median_m,loc_mean_m,loc_max_m,yaw_hit_10deg_pct,yaw_median_deg,yaw_max_deg,depth_median,alias_median
40.0,10,2,127,80.0,8.0,,1.6,7.1,81.1,150.0,188.92,580.0,31.5,40.0,178.0,0.3179,1.4286
40.0,10,10,127,80.0,8.0,,2.4,16.5,72.4,110.0,142.51,565.0,44.1,18.0,176.0,0.2108,1.2149
40.0,10,100,127,80.0,8.0,,3.1,15.7,73.2,105.0,138.87,565.0,38.6,19.0,179.0,0.2015,1.2074
40.0,20,2,127,80.0,4.0,,1.6,8.7,84.3,210.0,220.22,615.0,30.7,37.0,180.0,0.2073,1.213
40.0,20,10,127,80.0,4.0,,11.0,26.0,63.8,80.0,122.44,565.0,40.2,26.0,179.0,0.1527,1.131
40.0,20,100,127,80.0,4.0,,11.0,26.0,61.4,65.0,119.92,550.0,43.3,23.0,179.0,0.1497,1.1325
40.0,40,2,127,80.0,2.0,,0.8,11.8,78.0,180.0,202.69,580.0,32.3,58.0,178.0,0.157,1.1527
40.0,40,10,127,80.0,2.0,,14.2,27.6,55.9,65.0,113.79,560.0,45.7,13.0,179.0,0.1239,1.0964
40.0,40,100,127,80.0,2.0,,14.2,26.8,55.1,55.0,109.07,560.0,47.2,12.0,179.0,0.1233,1.0928
40.0,50,2,127,80.0,1.6,,1.6,12.6,77.2,175.0,188.56,615.0,32.3,49.0,180.0,0.144,1.1501
40.0,50,10,127,80.0,1.6,,13.4,25.2,59.1,65.0,114.42,453.27,48.8,11.0,179.0,0.1172,1.0854
40.0,50,100,127,80.0,1.6,,14.2,26.0,55.9,55.0,106.59,525.0,48.0,12.0,178.0,0.1172,1.0868
40.0,80,2,127,80.0,1.0,,1.6,12.6,77.2,165.0,186.9,615.0,34.6,60.0,180.0,0.1331,1.1245
40.0,80,10,127,80.0,1.0,,12.6,22.8,59.8,85.0,119.38,445.0,48.8,12.0,178.0,0.1104,1.0796
40.0,80,100,127,80.0,1.0,,12.6,22.8,59.8,90.0,125.48,445.0,47.2,12.0,179.0,0.1095,1.0804
45.0,10,2,127,90.0,9.0,,0.8,9.4,78.0,155.0,185.64,613.27,37.8,22.0,180.0,0.3307,1.4
45.0,10,10,127,90.0,9.0,,5.5,22.0,63.8,95.0,125.93,560.0,43.3,15.0,180.0,0.226,1.2231
45.0,10,100,127,90.0,9.0,,3.1,20.5,66.9,100.0,122.39,560.0,44.9,14.0,178.0,0.2056,1.1972
45.0,20,2,127,90.0,4.5,,0.8,15.7,67.7,120.0,141.25,565.0,40.9,18.0,179.0,0.2134,1.1782
45.0,20,10,127,90.0,4.5,,11.8,31.5,55.1,50.0,107.33,560.0,53.5,9.0,179.0,0.1619,1.1208
45.0,20,100,127,90.0,4.5,,12.6,30.7,55.9,50.0,117.64,560.0,55.1,9.0,179.0,0.1577,1.1213
45.0,40,2,127,90.0,2.25,,3.9,18.9,69.3,150.0,172.41,625.0,41.7,19.0,179.0,0.1571,1.1325
45.0,40,10,127,90.0,2.25,,20.5,37.0,45.7,10.0,101.05,570.0,58.3,6.0,179.0,0.1372,1.0819
45.0,40,100,127,90.0,2.25,,21.3,37.8,42.5,10.0,98.83,570.0,58.3,5.0,179.0,0.1334,1.0821
45.0,50,2,127,90.0,1.8,,3.1,18.1,69.3,145.0,173.87,625.0,39.4,32.0,180.0,0.1467,1.1183
45.0,50,10,127,90.0,1.8,,20.5,36.2,42.5,10.0,96.42,570.0,57.5,5.0,178.0,0.1299,1.076
45.0,50,100,127,90.0,1.8,,24.4,38.6,40.9,10.0,93.16,570.0,57.5,5.0,179.0,0.1289,1.0761
45.0,80,2,127,90.0,1.12,,4.7,18.1,69.3,145.0,167.2,570.0,41.7,22.0,180.0,0.1297,1.1073
45.0,80,10,127,90.0,1.12,,20.5,35.4,40.2,10.0,91.08,570.0,59.8,5.0,179.0,0.1198,1.0682
45.0,80,100,127,90.0,1.12,,22.8,38.6,38.6,10.0,85.66,570.0,60.6,4.0,179.0,0.1181,1.0689
50.0,10,2,127,100.0,10.0,,1.6,8.7,78.7,145.0,169.01,570.0,40.9,18.0,177.0,0.3326,1.3529
50.0,10,10,127,100.0,10.0,,3.9,21.3,67.7,105.0,133.41,565.0,44.9,13.0,180.0,0.2404,1.1975
50.0,10,100,127,100.0,10.0,,6.3,21.3,64.6,100.0,127.82,565.0,46.5,14.0,179.0,0.2206,1.1953
50.0,20,2,127,100.0,5.0,,0.8,13.4,75.6,140.0,164.2,565.0,41.7,22.0,180.0,0.2213,1.1616
50.0,20,10,127,100.0,5.0,,12.6,31.5,53.5,45.0,106.34,565.0,56.7,7.0,177.0,0.1713,1.1122
50.0,20,100,127,100.0,5.0,,15.0,32.3,53.5,70.0,110.35,560.0,57.5,5.0,179.0,0.1678,1.1103
50.0,40,2,127,100.0,2.5,,4.7,16.5,65.4,100.0,144.15,565.0,44.9,16.0,180.0,0.1587,1.1173
50.0,40,10,127,100.0,2.5,,18.9,39.4,42.5,10.0,97.37,565.0,63.0,4.0,179.0,0.1418,1.077
50.0,40,100,127,100.0,2.5,,20.5,40.2,40.9,10.0,100.01,565.0,63.0,4.0,179.0,0.1424,1.0755
50.0,50,2,127,100.0,2.0,,3.9,16.5,65.4,105.0,146.04,560.0,45.7,16.0,179.0,0.1499,1.1137
50.0,50,10,127,100.0,2.0,,22.0,40.2,42.5,10.0,100.45,565.0,63.8,3.0,179.0,0.1389,1.0718
50.0,50,100,127,100.0,2.0,,22.8,41.7,40.2,10.0,100.92,565.0,62.2,3.0,179.0,0.1367,1.07
50.0,80,2,127,100.0,1.25,,3.9,17.3,66.1,85.0,132.73,565.0,44.9,16.0,179.0,0.1317,1.0953
50.0,80,10,127,100.0,1.25,,22.8,41.7,37.8,10.0,92.53,583.27,64.6,3.0,179.0,0.1244,1.0584
50.0,80,100,127,100.0,1.25,,23.6,44.1,37.0,10.0,93.99,583.27,63.0,3.0,179.0,0.1216,1.0582
60.0,10,2,127,120.0,12.0,,0.8,5.5,86.6,125.0,161.72,570.0,44.9,16.0,180.0,0.3421,1.381
60.0,10,10,127,120.0,12.0,,5.5,14.2,69.3,85.0,124.47,560.0,56.7,8.0,179.0,0.2391,1.1985
60.0,10,100,127,120.0,12.0,,6.3,12.6,70.1,85.0,127.66,565.0,59.1,7.0,180.0,0.2217,1.1859
60.0,20,2,127,120.0,6.0,,6.3,22.0,67.7,70.0,129.93,565.0,60.6,6.0,179.0,0.2267,1.1633
60.0,20,10,127,120.0,6.0,,8.7,29.1,56.7,55.0,109.22,563.27,68.5,3.0,179.0,0.1785,1.1037
60.0,20,100,127,120.0,6.0,,11.8,33.1,53.5,45.0,99.47,565.0,71.7,3.0,179.0,0.1705,1.0972
60.0,40,2,127,120.0,3.0,,3.9,26.0,61.4,60.0,120.48,565.0,57.5,6.0,178.0,0.1594,1.1098
60.0,40,10,127,120.0,3.0,,24.4,44.9,33.9,10.0,73.67,565.0,72.4,2.0,179.0,0.1531,1.054
60.0,40,100,127,120.0,3.0,,24.4,46.5,32.3,10.0,72.53,565.0,74.8,1.0,179.0,0.1519,1.0573
60.0,50,2,127,120.0,2.4,,3.1,25.2,59.8,45.0,107.68,565.0,55.9,4.0,180.0,0.1472,1.0923
60.0,50,10,127,120.0,2.4,,28.3,48.8,29.1,10.0,66.47,565.0,74.8,1.0,179.0,0.1474,1.0405
60.0,50,100,127,120.0,2.4,,30.7,49.6,28.3,10.0,64.46,565.0,74.0,1.0,179.0,0.1461,1.0446
60.0,80,2,127,120.0,1.5,,4.7,22.8,57.5,45.0,105.05,565.0,58.3,5.0,179.0,0.1279,1.0778
60.0,80,10,127,120.0,1.5,,33.9,52.8,25.2,5.0,67.53,565.0,76.4,1.0,179.0,0.133,1.0318
60.0,80,100,127,120.0,1.5,,32.3,52.0,26.0,5.0,71.47,565.0,77.2,1.0,179.0,0.1309,1.0325
80.0,10,2,127,160.0,16.0,,1.6,4.7,81.9,125.0,145.81,520.0,53.5,9.0,180.0,0.3677,1.4211
80.0,10,10,127,160.0,16.0,,6.3,11.0,70.1,135.0,136.85,523.27,71.7,5.0,180.0,0.2834,1.2191
80.0,10,100,127,160.0,16.0,,5.5,10.2,70.1,115.0,134.08,545.0,76.4,5.0,177.0,0.2587,1.191
80.0,20,2,127,160.0,8.0,,8.7,20.5,52.8,35.0,88.25,490.0,64.6,4.0,174.0,0.2492,1.1304
80.0,20,10,127,160.0,8.0,,15.0,37.8,38.6,10.0,69.36,415.0,86.6,2.0,178.0,0.2146,1.0771
80.0,20,100,127,160.0,8.0,,15.7,38.6,33.9,10.0,65.29,415.0,87.4,2.0,178.0,0.2061,1.0766
80.0,40,2,127,160.0,4.0,,14.2,37.8,38.6,10.0,67.78,540.0,70.1,3.0,178.0,0.1714,1.0693
80.0,40,10,127,160.0,4.0,,27.6,53.5,23.6,5.0,46.25,415.0,88.2,1.0,176.0,0.168,1.0282
80.0,40,100,127,160.0,4.0,,26.8,52.8,23.6,5.0,47.03,415.0,89.0,1.0,179.0,0.1688,1.0268
80.0,50,2,127,160.0,3.2,,13.4,36.2,36.2,10.0,66.17,580.0,70.1,3.0,178.0,0.1597,1.066
80.0,50,10,127,160.0,3.2,,32.3,56.7,18.9,5.0,29.75,385.0,89.8,1.0,179.0,0.1596,1.0252
80.0,50,100,127,160.0,3.2,,31.5,56.7,19.7,5.0,29.75,385.0,89.8,1.0,179.0,0.1584,1.0256
80.0,80,2,127,160.0,2.0,,18.1,41.7,32.3,10.0,62.66,540.0,71.7,2.0,178.0,0.1359,1.0522
80.0,80,10,127,160.0,2.0,,36.2,61.4,15.0,5.0,27.9,385.0,91.3,1.0,178.0,0.1481,1.0128
80.0,80,100,127,160.0,2.0,,37.0,63.0,15.7,5.0,26.95,405.0,90.6,1.0,179.0,0.1469,1.0143
100.0,10,2,127,200.0,20.0,,3.1,6.3,82.7,135.0,147.55,525.0,64.6,6.0,176.0,0.4034,1.381
100.0,10,10,127,200.0,20.0,,3.9,14.2,62.2,65.0,116.32,500.0,88.2,3.0,176.0,0.3263,1.186
100.0,10,100,127,200.0,20.0,,2.4,12.6,59.8,65.0,111.32,495.0,94.5,3.0,179.0,0.3021,1.1638
100.0,20,2,127,200.0,10.0,,24.4,35.4,37.0,10.0,62.39,435.0,85.0,2.0,169.0,0.3006,1.1158
100.0,20,10,127,200.0,10.0,,30.7,52.8,21.3,5.0,51.92,490.0,94.5,1.0,153.0,0.2607,1.0501
100.0,20,100,127,200.0,10.0,,34.6,55.1,17.3,5.0,43.49,485.0,96.9,1.0,152.0,0.2542,1.0459
100.0,40,2,127,200.0,5.0,,34.6,58.3,18.1,5.0,30.26,290.0,88.2,1.0,173.0,0.2105,1.0579
100.0,40,10,127,200.0,5.0,,44.1,66.1,11.0,5.0,28.45,290.0,96.9,1.0,171.0,0.211,1.021
100.0,40,100,127,200.0,5.0,,45.7,67.7,8.7,5.0,23.29,290.0,96.9,1.0,171.0,0.2052,1.0139
100.0,50,2,127,200.0,4.0,,36.2,59.8,15.0,5.0,26.88,290.0,84.3,1.0,174.0,0.1908,1.0434
100.0,50,10,127,200.0,4.0,,48.0,70.9,7.1,5.0,19.47,290.0,98.4,1.0,140.0,0.1974,1.0037
100.0,50,100,127,200.0,4.0,,49.6,70.1,7.1,5.0,19.44,290.0,96.1,1.0,170.0,0.1958,1.0059
100.0,80,2,127,200.0,2.5,,37.0,63.8,13.4,5.0,25.26,290.0,79.5,1.0,171.0,0.163,1.036
100.0,80,10,127,200.0,2.5,,51.2,74.0,5.5,0.0,15.85,290.0,99.2,1.0,12.0,0.1777,0.9955
100.0,80,100,127,200.0,2.5,,52.0,74.0,4.7,0.0,14.24,290.0,97.6,1.0,14.0,0.1743,0.9949
140.0,10,2,127,280.0,28.0,,11.0,25.2,46.5,20.0,79.51,400.0,89.8,3.0,176.0,0.4456,1.2105
140.0,10,10,127,280.0,28.0,,14.2,41.7,18.1,10.0,35.41,463.27,93.7,2.0,177.0,0.383,1.0803
140.0,10,100,127,280.0,28.0,,17.3,48.8,13.4,10.0,24.24,470.0,96.1,2.0,177.0,0.3702,1.046
140.0,20,2,127,280.0,14.0,,34.6,66.9,5.5,5.0,14.95,220.0,99.2,1.0,95.0,0.3683,1.0337
140.0,20,10,127,280.0,14.0,,41.7,76.4,0.0,5.0,4.08,10.0,100.0,1.0,3.0,0.3269,1.0275
140.0,20,100,127,280.0,14.0,,43.3,75.6,0.0,5.0,4.04,10.0,100.0,1.0,3.0,0.3225,1.0255
140.0,40,2,127,280.0,7.0,,42.5,72.4,0.0,5.0,4.24,10.0,100.0,1.0,5.0,0.264,1.0232
140.0,40,10,127,280.0,7.0,,42.5,82.7,0.0,5.0,3.73,10.0,100.0,1.0,3.0,0.2538,1.0195
140.0,40,100,127,280.0,7.0,,42.5,81.9,0.0,5.0,3.77,10.0,100.0,1.0,3.0,0.2522,1.0225
140.0,50,2,127,280.0,5.6,,39.4,76.4,0.0,5.0,4.2,10.0,100.0,1.0,3.0,0.2406,1.0247
140.0,50,10,127,280.0,5.6,,42.5,83.5,0.0,5.0,3.69,10.0,100.0,1.0,2.0,0.2369,1.0143
140.0,50,100,127,280.0,5.6,,44.1,83.5,0.0,5.0,3.61,10.0,100.0,1.0,2.0,0.2358,1.013
140.0,80,2,127,280.0,3.5,,44.1,80.3,0.0,5.0,3.77,10.0,100.0,1.0,2.0,0.201,1.0102
140.0,80,10,127,280.0,3.5,,50.4,83.5,0.0,0.0,3.29,10.0,100.0,0.0,2.0,0.2071,0.9971
140.0,80,100,127,280.0,3.5,,50.4,85.0,0.0,0.0,3.21,10.0,100.0,0.0,1.0,0.2037,0.9974
200.0,10,2,127,400.0,40.0,,20.5,55.9,8.7,5.0,19.51,390.0,98.4,2.0,15.0,0.5841,1.1429
200.0,10,10,127,400.0,40.0,,23.6,61.4,0.0,5.0,6.8,20.0,100.0,2.0,9.0,0.4964,1.0588
200.0,10,100,127,400.0,40.0,,35.4,59.1,0.8,5.0,6.13,25.0,100.0,1.0,5.0,0.4773,1.0288
200.0,20,2,127,400.0,20.0,,31.5,72.4,0.0,5.0,5.03,15.0,100.0,1.0,6.0,0.4673,1.05
200.0,20,10,127,400.0,20.0,,37.8,71.7,0.0,5.0,4.71,15.0,100.0,1.0,3.0,0.4112,1.035
200.0,20,100,127,400.0,20.0,,34.6,74.8,0.0,5.0,4.63,15.0,100.0,1.0,2.0,0.404,1.0279
200.0,40,2,127,400.0,10.0,,39.4,83.5,0.0,5.0,3.84,10.0,100.0,0.0,2.0,0.3657,1.0349
200.0,40,10,127,400.0,10.0,,36.2,81.9,0.0,5.0,4.08,10.0,100.0,0.0,1.0,0.3166,1.0273
200.0,40,100,127,400.0,10.0,,36.2,82.7,0.0,5.0,4.04,10.0,100.0,0.0,1.0,0.3181,1.0239
200.0,50,2,127,400.0,8.0,,40.2,83.5,0.0,5.0,3.81,10.0,100.0,0.0,2.0,0.3319,1.0306
200.0,50,10,127,400.0,8.0,,40.9,84.3,0.0,5.0,3.73,10.0,100.0,0.0,1.0,0.2954,1.0268
200.0,50,100,127,400.0,8.0,,40.2,85.0,0.0,5.0,3.73,10.0,100.0,0.0,1.0,0.294,1.031
200.0,80,2,127,400.0,5.0,,41.7,86.6,0.0,5.0,3.57,10.0,100.0,0.0,1.0,0.2728,1.0243
200.0,80,10,127,400.0,5.0,,45.7,87.4,0.0,5.0,3.33,10.0,100.0,0.0,1.0,0.2551,1.0089
200.0,80,100,127,400.0,5.0,,45.7,86.6,0.0,5.0,3.37,10.0,100.0,0.0,1.0,0.2551,1.0092
300.0,10,2,127,600.0,60.0,,10.2,33.9,22.8,10.0,52.7,325.0,99.2,2.0,15.0,0.5694,1.2308
300.0,10,10,127,600.0,60.0,,18.9,53.5,7.1,5.0,11.44,340.0,98.4,2.0,12.0,0.4892,1.0775
300.0,10,100,127,600.0,60.0,,18.1,54.3,0.8,5.0,7.62,25.0,100.0,1.0,8.0,0.468,1.0329
300.0,20,2,127,600.0,30.0,,25.2,62.2,0.0,5.0,6.48,20.0,100.0,1.0,4.0,0.5342,1.0769
300.0,20,10,127,600.0,30.0,,22.8,65.4,0.0,5.0,5.97,15.0,100.0,1.0,3.0,0.4545,1.0483
300.0,20,100,127,600.0,30.0,,20.5,67.7,0.0,5.0,5.97,15.0,100.0,1.0,2.0,0.4483,1.044
300.0,40,2,127,600.0,15.0,,33.9,74.8,0.0,5.0,4.59,15.0,100.0,0.0,2.0,0.4375,1.0436
300.0,40,10,127,600.0,15.0,,29.9,79.5,0.0,5.0,4.51,10.0,100.0,0.0,1.0,0.376,1.0353
300.0,40,100,127,600.0,15.0,,29.1,79.5,0.0,5.0,4.55,10.0,100.0,0.0,1.0,0.3739,1.0367
300.0,50,2,127,600.0,12.0,,39.4,85.0,0.0,5.0,3.77,10.0,100.0,0.0,1.0,0.4066,1.0288
300.0,50,10,127,600.0,12.0,,35.4,82.7,0.0,5.0,4.08,10.0,100.0,0.0,1.0,0.3483,1.034
300.0,50,100,127,600.0,12.0,,33.1,84.3,0.0,5.0,4.12,10.0,100.0,0.0,1.0,0.3458,1.0354
300.0,80,2,127,600.0,7.5,,40.2,91.3,0.0,5.0,3.41,10.0,100.0,0.0,1.0,0.3408,1.0223
300.0,80,10,127,600.0,7.5,,41.7,95.3,0.0,5.0,3.14,10.0,100.0,0.0,0.0,0.2979,1.0184
300.0,80,100,127,600.0,7.5,,39.4,96.1,0.0,5.0,3.21,10.0,100.0,0.0,0.0,0.2982,1.0192
